{
  "project_info": {
    "project_number": "1030243701831",
    "firebase_url": "https://uhi-hackathon-default-rtdb.asia-southeast1.firebasedatabase.app",
    "project_id": "uhi-hackathon",
    "storage_bucket": "uhi-hackathon.appspot.com"
  },
  "client": [
    {
      "client_info": {
        "mobilesdk_app_id": "1:1030243701831:android:ef7348b77fc08de67f8d62",
        "android_client_info": {
          "package_name": "com.example.rebalance_uhi_app"
        }
      },
      "oauth_client": [
        {
          "client_id": "1030243701831-p2eubetbi2hn0d1o3u3j1l7qmd7ughc8.apps.googleusercontent.com",
          "client_type": 3
        }
      ],
      "api_key": [
        {
          "current_key": "AIzaSyDk1fMz1O9tAY4mVZnNezoRqgLaBeG1pLQ"
        }
      ],
      "services": {
        "appinvite_service": {
          "other_platform_oauth_client": [
            {
              "client_id": "1030243701831-p2eubetbi2hn0d1o3u3j1l7qmd7ughc8.apps.googleusercontent.com",
              "client_type": 3
            }
          ]
        }
      }
    }
  ],
  "configuration_version": "1"
}